date	revision
2011-08-01	2
2011-09-01	46
2011-10-01	85
2011-11-01	118
2011-12-01	177
2012-01-01	207
2012-02-01	257
2012-03-01	304
2012-04-01	323
2012-05-01	350
2012-06-01	366
2012-07-01	496
2012-08-01	540
2012-09-01	609
2012-10-01	659
2012-11-01	697
2012-12-01	761
2013-01-01	793
2013-02-01	849
2013-03-01	909
2013-04-01	946
2013-05-01	992
2013-06-01	1051
2013-07-01	1100
2013-08-01	1122
2013-09-01	1203
2013-10-01	1289
2013-11-01	1357
2013-12-01	1391
2014-01-01	1453
2014-02-01	1493
2014-03-01	1559
2014-04-01	1630
2014-05-01	1673
2014-06-01	1751
2014-07-01	1884
2014-08-01	1990
2014-09-01	2137
2014-10-01	2211
2014-11-01	2308
2014-12-01	2407
2015-01-01	2461
2015-02-01	2533
2015-03-01	2644
2015-04-01	2701
2015-05-01	2745
2015-06-01	2791
2015-07-01	2813
2015-08-01	2857
2015-09-01	2918
2015-10-01	2970
2015-11-01	3045
2015-12-01	3148
2016-01-01	3212
2016-02-01	3259
2016-03-01	3332
2016-04-01	3389
2016-05-01	3429
2016-06-01	3461
2016-07-01	3498
2016-08-01	3552
2016-09-01	3605
2016-10-01	3661
2016-11-01	3721
2016-12-01	3755
2017-01-01	3805
2017-02-01	3857
2017-03-01	3897
2017-04-01	3964
2017-05-01	4019
2017-06-01	4070
2017-07-01	4120
2017-08-01	4212
2017-09-01	4264
2017-10-01	4320
2017-11-01	4390
2017-12-01	4452
2018-01-01	4498
2018-02-01	4546
2018-03-01	4603
2018-04-01	4708
2018-05-01	4773
2018-06-01	4837
2018-07-01	4900
2018-08-01	4940
2018-09-01	5033
2018-10-01	5091
2018-11-01	5174
2018-12-01	5249
2019-01-01	5318
2019-02-01	5405
2019-03-01	5441
2019-04-01	5477
2019-05-01	5537
2019-06-01	5624
2019-07-01	5691
2019-08-01	5731
2019-09-01	5785
2019-10-01	5829
2019-11-01	5904
2019-12-01	5959
2020-01-01	6001
2020-02-01	6068
2020-03-01	6129
2020-04-01	6197
2020-05-01	6246
2020-06-01	6309
2020-07-01	6371
2020-08-01	6424
2020-09-01	6464
2020-10-01	6544
2020-11-01	6620
2020-12-01	6706
2021-01-01	6793
2021-02-01	6879
2021-03-01	6988
2021-04-01	7106
2021-05-01	7214
2021-06-01	7294
2021-07-01	7400
2021-08-01	7501
2021-09-01	7589
2021-10-01	7704
2021-11-01	7781
2021-12-01	7875
2022-01-01	7936
2022-02-01	7991
2022-03-01	8072
2022-04-01	8145
2022-05-01	8195
2022-06-01	8253
2022-07-01	8320
2022-08-01	8368
2022-09-01	8423
2022-10-01	8469
2022-11-01	8520
2022-12-01	8567
2023-01-01	8619
2023-02-01	8691
2023-03-01	8767
2023-04-01	8844
2023-05-01	8908
2023-06-01	8961
2023-07-01	9015
2023-08-01	9070
